{
  "intercept": -0.0002615320886328078,
  "w1": 0.0424739798,
  "w2": 0.00798880916,
  "w3": -0.0696849995,
  "w4": 0.0339116241,
  "w5": 0.3260855,
  "w6": 0.919731818,
  "w7": 0.0411354464,
  "w8": 0.00862534576,
  "w9": -0.00216058691,
  "w10": -0.0181497508,
  "w11": 0.00311465674,
  "w12": 0.0258132266,
  "w13": 0.00089688531,
  "w14": -0.00661226688,
  "w15": -0.0588259484,
  "w16": -0.00393096154,
  "w17": 0.00151068072,
  "w18": 0.0511247877,
  "w19": -0.00393096154,
  "w20": 0.0511247877,
  "w21": 0.00145718031,
  "w22": -0.0153878893,
  "w23": 0.000000000000000166533454,
  "w24": -0.000302223384,
  "w25": -0.00278251986,
  "w26": 0.000327703649,
  "w27": -0.0163005298,
  "w28": 0.00852044454,
  "w29": -0.00517768742,
  "w30": 0.00165983334,
  "w31": 0.00527847699,
  "w32": 0.0195444364,
  "w33": -0.00250028709,
  "w34": 0.0106207601,
  "w35": -0.00273581237,
  "w36": -0.0161841099,
  "w37": -0.00329140699,
  "w38": -0.000464605369,
  "w39": -0.00406760039,
  "x1": 0.735572,
  "x2": -1.265069,
  "x3": 0.730244,
  "x4": 0.708934,
  "x5": -0.430113,
  "x6": 2.25933,
  "x7": 1.895204,
  "x8": 2.533176,
  "x9": -0.188166,
  "x10": 0.003179,
  "x11": -0.157486,
  "x12": -0.045754,
  "x13": -0.372785,
  "x14": 0.06962,
  "x15": 2.611947,
  "x16": -1.072636,
  "x17": -0.101913,
  "x18": 2.105858,
  "x19": -1.072636,
  "x20": 2.105858,
  "x21": -0.079936,
  "x22": -0.657597,
  "x23": 0.0,
  "x24": -0.431794,
  "x25": -0.716543,
  "x26": -0.32732,
  "x27": 0.998354,
  "x28": 0.783759,
  "x29": -0.530061,
  "x30": 1.794388,
  "x31": -0.243518,
  "x32": 0.725827,
  "x33": -0.193201,
  "x34": 1.136145,
  "x35": -0.368942,
  "x36": -1.013869,
  "x37": -0.914718,
  "x38": -1.150322,
  "x39": -1.117696
}
